Product Name,Brand,Category,Product Material,Price,Location,,,
Tiffany Knot | Earring,Tiffany Knot,Earring,18k Rose Gold,"$4,500 ",\images\earrings\tiffany knot.webp,,,
Elsa peretti | Earring,Elsa peretti,Earring,18k Yellow Gold,"$2,300 ",\images\earrings\elsa peretti.webp,,,
Elsa peretti | Earring,Elsa peretti,Earring,Pearls by the Yard,"$1,000 ",\images\earrings\elsa peretti 2.webp,,,
Elsa peretti | Earring,Elsa peretti,Earring,Pearls by the Yard,"$1,100 ",\images\earrings\elsa peretti 3.webp,,,
Tiffany Hardware | Earring,Tiffany Hardware,Earring,Pearl Hoop ,"$1,675 ",\images\earrings\elsa peretti 3.webp,,,
Tiffany Victoria | Earring,Tiffany Victoria,Earring,Pearl and Diamond,"$4,624 ",\images\earrings\tiffany victoria.webp,,,
Elsa peretti | Earring,Elsa peretti,Earring,Pearls by the Yard,"$8,268 ",\images\earrings\elsa peretti 4.webp,,,
Paloma Picasso | Earring,Paloma Picasso,Earring,Olive Leaf Drop,"$2,976 ",\images\earrings\paloma picasso.webp,,,
,,,,,,,,
Return To Tiffany | Bracelet,Return To Tiffany,Bracelet,18k Yellow Gold,"$2,000 ",\images\bracelet\return to tiffany.webp,,,
Elsa Peretti | Bracelet,Elsa Peretti,Bracelet,Pearls by the Yard,"$9,748 ",\images\bracelet\elsa peretti.webp,,,
Tiffany Knot | Bracelet,Tiffany Knot,Bracelet,Wire Bangle in Yellow Gold,"$8,763 ",\images\bracelet\tiffany knot.webp,,,
Elsa Peretti | Bracelet,Elsa Peretti,Bracelet,Diamonds by the Yard,"$8,757 ",\images\bracelet\elsa peretti 1.webp,,,
Elsa Peretti | Bracelet,Elsa Peretti,Bracelet,Pearls by the Yard,"$7,456 ",\images\bracelet\elsa perett.webp,,,
Elsa Peretti | Bracelet,Elsa Peretti,Bracelet,Diamonds by the Yard,"$8,677 ",\images\bracelet\b 7.webp,,,
Elsa Peretti | Bracelet,Elsa Peretti,Bracelet,Small Bone Cuff in Sterling Silver,"$6,756 ",\images\bracelet\b 6.webp,,,
Elsa Peretti | Bracelet,Elsa Peretti,Bracelet,Mini Alphabet Bracelet in Sterling Silver,"$8,587 ",\images\bracelet\b 5.webp,,,
,,,,,,,,
Tiffany Forever | Ring,Tiffany Forever,Ring,Band Ring in Platinum with a Full Circle of Diamonds,"$6,479 ",\images\rings\tiffany metro.webp,,,
Tiffany Metro | Ring,Tiffany Metro,Ring,Full Eternity Ring in Platinum with Diamonds,"$8,370 ",\images\rings\tiffany harmony.webp,,,
Tiffany Harmony | Ring,Tiffany Harmony,Ring,Band Ring in Platinum with Diamonds,"$6,392 ",\images\rings\tiffany forever.webp,,,
Tiffany Forever | Ring,Tiffany Forever,Ring,Band Ring in Platinum with a Half-circle of Diamonds,"$9,628 ",\images\rings\tiffany forever 2.webp,,,
Tiffany Knot | Ring,Tiffany Knot,Ring,Ring in Yellow Gold with Diamonds,"$8,354 ",\images\rings\Tiffany knot.webp,,,
Tiffany Harmony | Ring,Tiffany Harmony,Ring,Band Ring in Platinum with Diamonds,"$8,362 ",\images\rings\ring 8.webp,,,
Tiffany Forever | Ring,Tiffany Forever,Ring,Band Ring in Platinum with a Full Circle of Diamonds,"$5,280 ",\images\rings\ring 6.webp,,,
Tiffany Knot | Ring,Tiffany Knot,Ring,Band Ring in Platinum with a Half-circle of Diamonds,"$8,236 ",\images\rings\ring last.webp,,,
